-------------NHACUNGCAP-------------
INSERT INTO NHACUNGCAP VALUES ('NCC01', N'Công Ty TNHH Sản Xuất Và Thương Mại Mộc Việt', N'106/1N Đường Tân Hiệp 17, Ấp Tân Thới 2, Hóc Môn, Tp. Hồ Chí Minh', '0964000186', 'noithatmocviet106@gmail.com', 'www.noithatmocviet.com.vn');
INSERT INTO NHACUNGCAP VALUES ('NCC02', N'Công Ty Cổ Phần Xây Dựng Và Nội Thất Minh Tiến', N' Tầng 2, Lakeview 1, 19 Tố Hữu, Phường Thủ Thiêm, TP. Thủ Đức, Tp. Hồ Chí Minh', '0908359888', 'toanvu359888@gmail.com', 'www.noithatminhtien.vn');
INSERT INTO NHACUNGCAP VALUES ('NCC03', N'Công Ty TNHH Jang In Furniture Việt Nam', N'Số 75-77 Nguyễn Cơ Thạch, KĐT Sala, P. An Lợi Đông, TP. Thủ Đức (Q. 2), Tp. Hồ Chí Minh', '0338368380', 'sales@jangin.vn', 'www.jangin.vn');
INSERT INTO NHACUNGCAP VALUES ('NCC04', N'Công Ty TNHH Sản Xuất - Thương Mại - Dịch Vụ Qui Phúc', N'217 Bình Long, Phường Bình Hưng Hòa A, Quận Bình Tân, Tp. Hồ Chí Minh', '1900638386', 'info@quiphuc.com', 'www.quiphuc.com');
INSERT INTO NHACUNGCAP VALUES ('NCC05', N'Công Ty Cổ Phần Xây Dựng Và Nội Thất Việt', N'Km 341 Quảng Lĩnh, Quảng Xương, Thanh Hóa', '0989949395', 'noithatviet1112@gmail.com', 'www.noithatvietjsc.com');


-------------LOAIKH-------------
INSERT INTO LOAIKH VALUES ('VIP', N'Khách hàng VIP', 0.15);
INSERT INTO LOAIKH VALUES ('TT', N'KH thân thiết', 0.1);
INSERT INTO LOAIKH VALUES ('TV', N'KH thành viên', 0.05);
INSERT INTO LOAIKH VALUES ('CD', N'Chưa đăng ký', 0);


-------------PHANLOAI-------------
INSERT INTO PHANLOAI VALUES ('PL001', N'Phòng khách');
INSERT INTO PHANLOAI VALUES ('PL002', N'Phòng bếp');
INSERT INTO PHANLOAI VALUES ('PL003', N'Phòng ngủ');
INSERT INTO PHANLOAI VALUES ('PL004', N'Phòng làm việc');


-------------CHUCVU-------------
INSERT INTO CHUCVU VALUES ('CV001', N'Nhân viên bán hàng');
INSERT INTO CHUCVU VALUES ('CV002', N'Nhân viên giám sát');
INSERT INTO CHUCVU VALUES ('CV003', N'Bảo vệ');
INSERT INTO CHUCVU VALUES ('CV004', N'Nhân viên giao hàng');
INSERT INTO CHUCVU VALUES ('CV005', N'Nhân viên thu ngân');


-------------KHACHHANG-------------
INSERT INTO KHACHHANG VALUES ('KH001', N'Nguyễn Văn', N'An', N'Nam', '0123456789', N'16-26 Lam Sơn, Phường 6, Phú Nhuận, TP. Hồ Chí Minh', 'VIP');
INSERT INTO KHACHHANG VALUES ('KH002', N'Trần Thị', N'Bưởi', N'Nữ', '0987654321', N'5/25 Đ. Số 7, Phường 10, Gò Vấp, TP. Hồ Chí Minh', 'CD');
INSERT INTO KHACHHANG VALUES ('KH003', N'Lê Hàng Cẩm', N'Tú', N'Nữ', '0369875123', N'Đ. Dân Cư Harmona, Phường 13, Tân Bình, TP. Hồ Chí Minh', 'CD');
INSERT INTO KHACHHANG VALUES ('KH004', N'Phạm', N'Dũng', N'Nam', '0912345678', N'86 Liên khu 1-6, Bình Trị Đông, Bình Tân, TP. Hồ Chí Minh', 'TT');
INSERT INTO KHACHHANG VALUES ('KH005', N'Cao Tiến', N'Thịnh', N'Nam', '0402079260', N'N2, Phú Cường, Thủ Dầu Một, Tỉnh Bình Dương', 'TV');
INSERT INTO KHACHHANG VALUES ('KH006', N'Bình', N'Kim', N'Nam', '0752562586', N'139A Đ. Tam Châu, Khu phố 2, Thủ Đức, Thành phố Hồ Chí Minh', 'CD');
INSERT INTO KHACHHANG VALUES ('KH007', N'Lý Chiêu', N'Hoàng', N'Nữ', '0138989544', N'số 4 Số 5, Hiệp Bình Chánh, Thủ Đức, Thành phố Hồ Chí Minh', 'CD');
INSERT INTO KHACHHANG VALUES ('KH008', N'Đặng Sơn', N'Lâm', N'Nam', '0996979171', N'127 Bình Lợi, Phường 13, Bình Thạnh, Thành phố Hồ Chí Minh', 'CD');
INSERT INTO KHACHHANG VALUES ('KH009', N'Văn Sỹ', N'Sơn', N'Nam', '0237819213', N'173/24/33D Đ. Dương Quảng Hàm, Phường 5, Gò Vấp, Thành phố Hồ Chí Minh', 'VIP');
INSERT INTO KHACHHANG VALUES ('KH010', N'Trịnh Đặng Hoàng', N'Việt', N'Nam', '0220195708', N'790/89A Đường số 7, Phường 3, Gò Vấp, Thành phố Hồ Chí Minh', 'TT');
INSERT INTO KHACHHANG VALUES ('KH011', N'Quách Tuấn', N'Du', N'Nam', '0590923528', N'2/48 Hồng Hà, Phường 2, Tân Bình, Thành phố Hồ Chí Minh', 'CD');
INSERT INTO KHACHHANG VALUES ('KH012', N'Nguyễn Tuấn', N'Anh', N'Nam', '0457259569', N'182/19 Đ. Lê Văn Sỹ, Phường 10, Phú Nhuận, Thành phố Hồ Chí Minh', 'TV');
INSERT INTO KHACHHANG VALUES ('KH013', N'Nguyễn Tuấn', N'Linh', N'Nam', '0480064650', N'57-33 Bờ Sông, Tân Tạo A, Bình Tân, Thành phố Hồ Chí Minh', 'TT' );
INSERT INTO KHACHHANG VALUES ('KH014', N'Nguyễn Thi Thu', N'Sương', N'Nữ', '0311710256', N'14 Đường 1A, Vĩnh Lộc B, Bình Chánh, Thành phố Hồ Chí Minh', 'CD');
INSERT INTO KHACHHANG VALUES ('KH015', N'Nguyễn Trần Trung', N'Quân', N'Nam', '0930675852', N'180/9 Tổ 21 KP3, Đông Hưng Thuận, Quận 12, Thành phố Hồ Chí Minh', 'CD');
INSERT INTO KHACHHANG VALUES ('KH016', N'Văn Văn', N'Hờn', N'Nam', '0783136476', N'Đ. Nguyễn Tri Phương, An Bình, Dĩ An, Bình Dương', 'CD');
INSERT INTO KHACHHANG VALUES ('KH017', N'La Văn', N'An', N'Nam', '0601305147', N'133 Đường K, Dĩ An, Bình Dương', 'CD');



-------------NHANVIEN-------------
INSERT INTO NHANVIEN VALUES ('NV001', N'Nguyễn Tuấn', N'Anh', N'Nam', '074622194', 'Đ. Nguyễn Ảnh Thủ/Hẻm 26H Phòng 23, Tổ 35, Khu phố 3, Quận 12, Thành phố Hồ Chí Minh', 'CV001');
INSERT INTO NHANVIEN VALUES ('NV002', N'Cao Thanh', N'Thảo', N'Nữ', '0844427506', '76 Đ. Huỳnh Thị Hai, Tân Chánh Hiệp, Quận 12, Thành phố Hồ Chí Minh', 'CV002');
INSERT INTO NHANVIEN VALUES ('NV003', N'Lê Nguyễn Thanh', N'Tân', N'Nam', '0362937120', '52/1 Đồng Tâm ấp Mỹ Hòa 1, Trung Mỹ Tây, Quận 12, Thành phố Hồ Chí Minh', 'CV003');
INSERT INTO NHANVIEN VALUES ('NV004', N'Phạm Văn', N'Hảo', N'Nam', '023912859', '160 Phan Huy Ích, Phường 12, Gò Vấp, Thành phố Hồ Chí Minh', 'CV001');
INSERT INTO NHANVIEN VALUES ('NV005', N'Huỳnh Thị', N'Nhung', N'Nữ', '0439890031', '83 Hẻm 79 Bùi Quang Là, Phường 12, Gò Vấp, Thành phố Hồ Chí Minh', 'CV002');
INSERT INTO NHANVIEN VALUES ('NV006', N'Nguyễn Mai', N'Phương', N'Nữ', '0766606168', '83 Hẻm 79 Bùi Quang Là, Phường 12, Gò Vấp, Thành phố Hồ Chí Minh', 'CV001');
INSERT INTO NHANVIEN VALUES ('NV007', N'Nguyễn Tân', N'Thành', N'Nam', '0315906645', 'Xã Bình Thắng, Dĩ An, Bình Dương', 'CV001');
INSERT INTO NHANVIEN VALUES ('NV008', N'Đặng Quang', N'Vũ', N'Nam', '0405786137', '11 Đ. Số 15, Hiệp Bình Chánh, Thủ Đức, Thành phố Hồ Chí Minh', 'CV001');
INSERT INTO NHANVIEN VALUES ('NV009', N'Vũ Hồng', N'Việt', N'Nam', '0155866976', '2d Bình Lợi, Phường 13, Bình Thạnh, Thành phố Hồ Chí Minh', 'CV004');
INSERT INTO NHANVIEN VALUES ('NV010', N'Mai Thúy', N'Ngân', N'Nữ', '0979206119', '43 Đ. Dương Quảng Hàm, Phường 5, Gò Vấp, Thành phố Hồ Chí Minh', 'CV005');
INSERT INTO NHANVIEN VALUES ('NV011', N'Huỳnh Thị Bích', N'Trân', N'Nữ', '0192270419', '109 Lê Lợi, Phường 4, Gò Vấp, Thành phố Hồ Chí Minh', 'CV005');
INSERT INTO NHANVIEN VALUES ('NV012', N'Trần Minh', N'Thuận', N'Nam', '0676954016', 'Hẻm 76, Phường 4, Gò Vấp, Thành phố Hồ Chí Minh', 'CV001');
INSERT INTO NHANVIEN VALUES ('NV013', N'Phùng Thanh', N'Độ', N'Nam', '0212246656', '43 Đ. Nguyễn Kiệm, Phường 3, Gò Vấp, Thành phố Hồ Chí Minh', 'CV004');
INSERT INTO NHANVIEN VALUES ('NV014', N'Nguyễn Thanh', N'Tùng', N'Nam', '0845471898', '54/15 Hồng Hà, Phường 2, Tân Bình, Thành phố Hồ Chí Minh', 'CV004');




-------------SANPHAM-------------
INSERT INTO SANPHAM VALUES ('SP001', N'Sofa Ruby', 17800000, 'PL001', 'NCC01');
INSERT INTO SANPHAM VALUES ('SP002', N'Bộ Bàn ăn Winston (8 chỗ Grey)', 63100000, 'PL002', 'NCC03');
INSERT INTO SANPHAM VALUES ('SP003', N'Tủ gỗ', 1780000, 'PL003', 'NCC02');
INSERT INTO SANPHAM VALUES ('SP004', N'Bàn làm việc Indochine', 10800000, 'PL004', 'NCC01');
INSERT INTO SANPHAM VALUES ('SP005', N'Giường Value New K(1.8m)', 21900000, 'PL003', 'NCC03');
INSERT INTO SANPHAM VALUES ('SP006', N'Giường Excel K(1.8m) +2 Tab giường', 30500000, 'PL003', 'NCC03');
INSERT INTO SANPHAM VALUES ('SP007', N'Giường Daily White (1600)', 18800000, 'PL003', 'NCC03');
INSERT INTO SANPHAM VALUES ('SP008', N'Bàn ăn 19', 11500000, 'PL002', 'NCC01');
INSERT INTO SANPHAM VALUES ('SP009', N'Bàn trà G19', 6500000, 'PL002', 'NCC01');
INSERT INTO SANPHAM VALUES ('SP010', N'Ghế xoay lưng trung DONA', 1231000, 'PL004', 'NCC04');



-------------KHOHANG-------------
INSERT INTO KHOHANG VALUES ('1', 'KHO01', '10', 'SP001');
INSERT INTO KHOHANG VALUES ('2', 'KHO01', '10', 'SP002');
INSERT INTO KHOHANG VALUES ('3', 'KHO01', '10', 'SP003');
INSERT INTO KHOHANG VALUES ('4', 'KHO01', '10', 'SP004');
INSERT INTO KHOHANG VALUES ('5', 'KHO01', '10', 'SP005');
INSERT INTO KHOHANG VALUES ('6', 'KHO02', '10', 'SP006');
INSERT INTO KHOHANG VALUES ('7', 'KHO02', '10', 'SP007');
INSERT INTO KHOHANG VALUES ('8', 'KHO02', '10', 'SP008');
INSERT INTO KHOHANG VALUES ('9', 'KHO02', '10', 'SP009');
INSERT INTO KHOHANG VALUES ('10', 'KHO02', '10', 'SP010');

